	ID	citation
0	https://id.biodiversity.org.au/reference/ausmoss/10018098	Klazenga, N. (2015), AusMoss: Catalogue of Australian mosses
1	https://id.biodiversity.org.au/reference/ausmoss/8508300	Renzaglia, K.S., Villarreal, J.C. & Duff, R.J. in Goffinet, B. & Shaw, A.J. (ed.) (2009), New insights into morphology, anatomy and systematics of hornworts. Bryophyte Biology Edn. 2
5	https://id.biodiversity.org.au/reference/ausmoss/49840	CHAH (2011), Australian Plant Census
6	https://id.biodiversity.org.au/reference/ausmoss/48872	CHAH (2010), Australian Plant Census
7	https://id.biodiversity.org.au/reference/ausmoss/45090	McCarthy, P.M. (2003), Catalogue of Australian Liverworts and Hornworts
10	https://id.biodiversity.org.au/reference/ausmoss/53212	Cargill, D.C., Söderström, L., Hagborg, A. & Konrat, M. von (2013), Notes on Early Land Plants Today. 23. A new synonym in Anthoceros (Anthocerotaceae, Anthocerotophyta). Phytotaxa 76(3)
15	https://id.biodiversity.org.au/reference/ausmoss/45151	Bhardwaj, D.C. (1975), Geophytology 5
28	https://id.biodiversity.org.au/reference/ausmoss/45341	Pócs, T. & Streimann, H. (1999), Epiphyllous liverworts from Queensland, Australia. Bryobrothera 5
42	https://id.biodiversity.org.au/reference/ausmoss/53277	CHAH (2013), Australian Plant Census
62	https://id.biodiversity.org.au/reference/ausmoss/47940	Cargill, D.C. & Fuhrer, B.A. (2008), Taxonomic Studies of the Australian Anthocerotophyta II: the genus Phaeoceros. Fieldiana, Botany, n.s 47
71	https://id.biodiversity.org.au/reference/ausmoss/10051118	Goffinet, B. & W.R. Buck (2017), Classification: mosses
76	https://id.biodiversity.org.au/reference/ausmoss/10152027	Klazenga, N. (2023), Census of Australian bryophytes
199	https://id.biodiversity.org.au/reference/ausmoss/10144131	Klazenga, N. (2019), Census of Australian bryophytes
519	https://id.biodiversity.org.au/reference/ausmoss/10050966	Klazenga, N. (2017), AusMoss: Catalogue of Australian mosses
840	https://id.biodiversity.org.au/reference/ausmoss/10130538	Klazenga, N. (2018), AusMoss: Catalogue of Australian mosses
1997	https://id.biodiversity.org.au/reference/ausmoss/10146140	Klazenga, N. (27 July 2021), Census of Australian bryophytes
2288	https://id.biodiversity.org.au/reference/ausmoss/10144777	Seppelt, R. in McCarthy, P.M. (ed.) (2016), 70. Fissidentaceae. Index. Australian Mosses Online <http://www.anbg.gov.au/abrs/Mosses_online>
2397	https://id.biodiversity.org.au/reference/ausmoss/10146037	Klazenga, N. (7 September 2020), Census of Australian bryophytes
3291	https://id.biodiversity.org.au/reference/ausmoss/45221	Hodgson, E.A. (1970), Transactions of the Royal Society of New Zealand 11
3344	https://id.biodiversity.org.au/reference/ausmoss/45130	Schuster, R.M. (1972), Nova Hedwigia 22
3363	https://id.biodiversity.org.au/reference/ausmoss/45131	Stephani, F. (1893), Hedwigia 32
3399	https://id.biodiversity.org.au/reference/ausmoss/45117	Stephani, F. (1894), Hedwigia 33
3408	https://id.biodiversity.org.au/reference/ausmoss/45277	Dumortier, B.C.J. (1835), Recueil d'Observations sur les Jungermanniacees
3420	https://id.biodiversity.org.au/reference/ausmoss/45150	Stephani, F. (1897), Bulletin de l'Herbier Boissier 5
3568	https://id.biodiversity.org.au/reference/ausmoss/47941	Renner, M.A.M. & Brown, E.A. (2008), Mnioloma (Calypogeiaceae: Jungermanniopsida) in Australasia: how many species are there?. Fieldiana, Botany, n.s 47
3625	https://id.biodiversity.org.au/reference/ausmoss/45332	Grolle, R. (1971), Feddes Repertorium Beiheft 82
3658	https://id.biodiversity.org.au/reference/ausmoss/45747	Hentschel, J., Paton, J.A., Schneider, H. & Heinrichs, J. (2007), Acceptance of Liochlaena Nees and Solenostoma Mitt., the systematic position of Eremonotus Pearson and notes on Jungermannia L. s.l. (Jungermanniidae) based on chloroplast DNA sequence data. Plant Systematics and Evolution 268
3725	https://id.biodiversity.org.au/reference/ausmoss/45112	Evans, A.W. (1934), Annales Bryologici Supplement 3
3742	https://id.biodiversity.org.au/reference/ausmoss/45119	Hodgson, E.A. (1954), Transactions of the Royal Society of New Zealand 82
3758	https://id.biodiversity.org.au/reference/ausmoss/51681	Meagher, D.A. (2011), Nova Hedwigia 92
3761	https://id.biodiversity.org.au/reference/ausmoss/49310	Meagher, D.A. (2008), Nova Hedwigia 86
3782	https://id.biodiversity.org.au/reference/ausmoss/53692	Meagher, D.A. (2011), Studies on Bazzania 4. Bazzania mittenii (Steph.) Steph. (Lepidoziaceae, Marchantiophyta) a re-instated Australasian liverwort and its synonyms. Nova Hedwigia 93(1-2)
3793	https://id.biodiversity.org.au/reference/ausmoss/51682	Meagher, D.A. (2005), Bazzania sauropoda D.Meagher (Marchantiophyta: Lepidoziaceae), a new species from tropical Queensland`. Austrobaileya 7(1)
3798	https://id.biodiversity.org.au/reference/ausmoss/45104	Trevisan de Saint-Leon, V.B.A. (1877), Memorie del Reale Istituto Lombardo de Scienze e Lettere. Serie 3, Classe di Scienze Matematiche e Naturali 4
3805	https://id.biodiversity.org.au/reference/ausmoss/49315	Meagher, D.A. (2005), Australasian Bryological Newsletter 50
3819	https://id.biodiversity.org.au/reference/ausmoss/45441	Grolle, R. (1979), Journal of Bryology 10
3899	https://id.biodiversity.org.au/reference/ausmoss/45269	Gottsche, C.M., Lindenberg, J.B.W. & Nees von Esenbeck, C.D.G. (1845), Synopsis Hepaticarum 2
3908	https://id.biodiversity.org.au/reference/ausmoss/46124	Engel, J.J. (2001), Fieldiana, Botany, n.s 42
3937	https://id.biodiversity.org.au/reference/ausmoss/51683	Engel, J.J. & Merrill, G.L. (2004), Fieldiana, Botany, n.s 44
3940	https://id.biodiversity.org.au/reference/ausmoss/42469	McCarthy, P.M. (2003), Catalogue of Australian Liverworts and Hornworts. Flora of Australia Supplementary Series 21
3942	https://id.biodiversity.org.au/reference/ausmoss/45201	Mitten, W. in Hooker, J.D. (1854), The botany of the Antarctic voyage of H.M. discovery ships Erebus and Terror.  II. Flora Novae-Zelandiae 2(6)
4045	https://id.biodiversity.org.au/reference/ausmoss/45265	Engel, J.J. & Schuster, R.M. (1985), Nova Hedwigia 39
4243	https://id.biodiversity.org.au/reference/ausmoss/45273	Schiffner, V. (1910), Über die gattungen Chiloscyphus und Heteroscyphus n. gen. Oesterreichische Botanische Zeitschrift 60
4426	https://id.biodiversity.org.au/reference/ausmoss/45555	Grolle, R. (1960), Nova Hedwigia 2
4442	https://id.biodiversity.org.au/reference/ausmoss/45583	Gottsche, C.M. (1857), Annales des Sciences Naturelles; Botanique 8
4460	https://id.biodiversity.org.au/reference/ausmoss/51686	Stephani, F. (1904), Species Hepaticarum 2
4476	https://id.biodiversity.org.au/reference/ausmoss/45419	Gottsche, C.M. in Gottsche, C.M., Lindenberg, J.B.W. & Nees von Esenbeck, C.D.G. (1847), Synopsis Hepaticarum 5
4506	https://id.biodiversity.org.au/reference/ausmoss/45562	Lindenberg, J.B.W. in Lindenberg, J.B.W. & Gottsche, C.M. (1840), Species Hepaticarum 2-4
4551	https://id.biodiversity.org.au/reference/ausmoss/45545	Hodgson, E.A. (1965), Transactions of the Royal Society of New Zealand. Botany 3(4)
4576	https://id.biodiversity.org.au/reference/ausmoss/45344	Stephani, F. (1909), Species Hepaticarum 4
4577	https://id.biodiversity.org.au/reference/ausmoss/49570	He, Xiao L. & Glenny, D. (2010), Perssoniella and the genera of Schistochilaceae: a new classificaiton based on molecular phylogenies. Australian Systematic Botany 23(4)
4671	https://id.biodiversity.org.au/reference/ausmoss/45261	Gottsche, C.M., Lindenberg, J.B.W. & Nees von Esenbeck, C.D.G. (1845), Synopsis Hepaticarum 3
4681	https://id.biodiversity.org.au/reference/ausmoss/45359	Nees von Esenbeck, C.G.D. in Gottsche, C.M., Lindenberg, J.B.W. & Nees von Esenbeck, C.D.G. (1845), Synopsis Hepaticarum 3
4700	https://id.biodiversity.org.au/reference/ausmoss/45172	Sande Lacoste, C.M. van der (1853), Nederlandsch Kruidkundig Archief 3
4711	https://id.biodiversity.org.au/reference/ausmoss/45105	Stephani, F. (1889), Hepaticae Australiae. Hedwigia 28
4736	https://id.biodiversity.org.au/reference/ausmoss/51647	Gottsche, C.M. in Gottsche, C.M., Lindenberg, J.B.W. & Nees von Esenbeck, C.D.G. (1846), Synopsis Hepaticarum 4
4743	https://id.biodiversity.org.au/reference/ausmoss/45141	Dumortier, B.C.J. (1822), Commentationes Botanicae
4745	https://id.biodiversity.org.au/reference/ausmoss/45729	Pócs, T. & Cairns, A. (2008), Contributions to the bryoflora of Australia, III. The genus Jubula Dumort., with the description of J. hutchinsiae Hook. subsp. nov. australiae (Jubulaceae, Jungermanniopsida). Nova Hedwigia 86(1-2)
4763	https://id.biodiversity.org.au/reference/ausmoss/45826	Gradstein, S.R. (1975), Bryophytorum Bibliotheca 4
4765	https://id.biodiversity.org.au/reference/ausmoss/45164	Pócs, T. (1984), Journal of the Hattori Botanical Laboratory 55
4775	https://id.biodiversity.org.au/reference/ausmoss/45739	"Pócs, T. (2006), Contributions to the Bryoflora of Australia, II. On the Australasian ""Tummaelloideae"" (Lejeuneaceae), with the description of Austrolejeunea occidentalis. Journal of the Hattori Botanical Laboratory 99"
4795	https://id.biodiversity.org.au/reference/ausmoss/45240	Stephani, F. (1913), Species Hepaticarum 5
4802	https://id.biodiversity.org.au/reference/ausmoss/51651	Renner, M.A.M. & Glenny, D. (2003), A new Cheilolejeunea (Marchantiopsida: Lejeunaceae) from montane forests in New Zealand. Journal of Bryology 25(3)
4809	https://id.biodiversity.org.au/reference/ausmoss/45735	Zhu, R.L. & Lai, M.J. (2005), Cheilolejeunea decursiva (Sande Lac.) R. M Schust and C. ventricosa (Schiffn.) X. L He (Lejeuneaceae, Hepaticae) new to Australia. Journal of the Hattori Botanical Laboratory 98
4819	https://id.biodiversity.org.au/reference/ausmoss/45255	Mizutani, M. (1963), Journal of the Hattori Botanical Laboratory 26
4852	https://id.biodiversity.org.au/reference/ausmoss/51653	Pócs, T. & Ninh, T. (2005), Acta Botanica Hungarica 47
4863	https://id.biodiversity.org.au/reference/ausmoss/40526	Schiffner, V. in Engler, H.G.A. & Prantl, K.A.E. (1893), Hepaticae. Die Naturlichen Pflanzenfamilien 1(3)
4901	https://id.biodiversity.org.au/reference/ausmoss/51660	Pócs, T. & Bernecker, A. (2009), Overview of Aphanolejeunea (Jungermanniopsida) after 25 years. Polish Botanical Journal 54(1)
4903	https://id.biodiversity.org.au/reference/ausmoss/45746	Pócs, T. & Streimann, H. (2006), Contributions to the bryoflora of Australia I. Tropical Bryology 27
4944	https://id.biodiversity.org.au/reference/ausmoss/49445	Stephani, F. (1902), Botanisk Tidsskrift 24
4962	https://id.biodiversity.org.au/reference/ausmoss/45322	Jovet-Ast, S. (1953), Revue Bryologique et Lichenologique 22
4966	https://id.biodiversity.org.au/reference/ausmoss/45148	Stephani, F. (1916), Species Hepaticarum 5
4978	https://id.biodiversity.org.au/reference/ausmoss/45692	Goebel, K.I.E. (1890), IV. Ueber Javanische Lebermoose. Annales de Jardin Botanique de Buitenzorg 9
5080	https://id.biodiversity.org.au/reference/ausmoss/45495	Schuster, R.M. (1980), New combinations and taxa of Hepaticae, I. Phytologia 45(5)
5090	https://id.biodiversity.org.au/reference/ausmoss/49453	Yang, J.-D. & Lin, S.-H. (2008), Leptolejeunea picta Herz., a Liverwort New to Taiwan. Taiwania 53(3)
5106	https://id.biodiversity.org.au/reference/ausmoss/45316	Schiffner, V. (1897), Botanische Jahrbücher für Systematik, Pflanzengeschichte und Pflanzengeographie 23
5111	https://id.biodiversity.org.au/reference/ausmoss/45308	Schiffner, V. (1898), Conspectus Hepaticarum Archipelagi Indici
5163	https://id.biodiversity.org.au/reference/ausmoss/45345	Grolle, R. (1979), Journal of the Hattori Botanical Laboratory 45
5171	https://id.biodiversity.org.au/reference/ausmoss/45647	Gradstein, S.R. (1974), Journal of the Hattori Botanical Laboratory 38
5184	https://id.biodiversity.org.au/reference/ausmoss/45187	Schuster, R.M. (1963), Beihefte zur Nova Hedwigia 9
5187	https://id.biodiversity.org.au/reference/ausmoss/45669	Verdoorn, F. (1934), Annales Bryologici Supplement 4
5206	https://id.biodiversity.org.au/reference/ausmoss/45672	Jones, E.W. (1976), Journal of Bryology 9
5220	https://id.biodiversity.org.au/reference/ausmoss/51677	Hattori, S. (1951), Botanical Magazine (Tokyo) 64
5300	https://id.biodiversity.org.au/reference/ausmoss/51688	Hodgson, E.A. & Allison, K.W. (1944), Transactions and Proceedings of the Royal Society of New Zealand 74
5301	https://id.biodiversity.org.au/reference/ausmoss/45588	Mitten, W. (1861), Bonplandia 9
5348	https://id.biodiversity.org.au/reference/ausmoss/45616	Hewson, H.J. (1970), The family Aneuraceae in Australia and New Guinea: II. the genus Riccardia. Proceedings of the Linnean Society of New South Wales 95
5414	https://id.biodiversity.org.au/reference/ausmoss/45306	Schiffner, V. (1893), Nova Acta Academiae Caesareae Leopoldino-Carolinae Germanicae Naturae Curiosorum. Verhandlungen der Kaiserlich Leopoldinisch-Carolinischen Deutschen Akademie der Naturforscher 60
5672	https://id.biodiversity.org.au/reference/ausmoss/22411	Linnaeus, C. (1753), Species Plantarum 2
5713	https://id.biodiversity.org.au/reference/ausmoss/45633	Muller, K. (1941), Hedwigia 80
5730	https://id.biodiversity.org.au/reference/ausmoss/45559	Stephani, F. (1898), Bulletin de l'Herbier Boissier 6
