	ID	citation
0	https://id.biodiversity.org.au/reference/aani/20204328	Algal Subcommittee (2019), CHAH Algal Subcommittee
8	https://id.biodiversity.org.au/reference/aani/20215562	Guiry, M.D. & Guiry, G M. (2021), -. Algaebase web site: www.algaebase.org
10	https://id.biodiversity.org.au/reference/aani/20152299	McCarthy, P. (2012), Census of Australian Marine Diatoms
16	https://id.biodiversity.org.au/reference/aani/20215382	Algal Subcommittee (2021), CHAH Algal Subcommittee
35	https://id.biodiversity.org.au/reference/aani/20229575	Guiry, M.D. & Guiry, G M. (2022), -. Algaebase web site: www.algaebase.org
41	https://id.biodiversity.org.au/reference/aani/20152522	Bukhtiyarova, L. (1995), New taxonomic combinations of diatoms (Bacillariophyta). Algologia 5(4)
82	https://id.biodiversity.org.au/reference/aani/20226593	ABRS (2022), Australian Algal Name Index Edn. 2022 (Australian algal updates)
92	https://id.biodiversity.org.au/reference/aani/20077215	Entwisle, T.J. & Nairn, L. (2011), Census of Freshwater Algae in Australia. Edn. Version 1.0
97	https://id.biodiversity.org.au/reference/aani/20152461	Smith, W. (1856), Syn. Brit. Diatomaceae 2
155	https://id.biodiversity.org.au/reference/aani/20225451	Algal Subcommittee (2022), CHAH Algal Subcommittee
414	https://id.biodiversity.org.au/reference/aani/20080130	Van Heurck, H.F. (1880), Synopsis des Diatomées de Belgique: Atlas
415	https://id.biodiversity.org.au/reference/aani/20152355	Perag., H. & Perag., M. (1897), Diatomées Marines de France et des Districts Maritimes Voisins
419	https://id.biodiversity.org.au/reference/aani/20083051	Lange-Bertalot, H. (1993), 85 Neue Taxa und über 100 weitere neu definierte Taxa ergänzend zur Süsswasserflora von Mitteleuropa vol. 2/1-4. Bibliotheca Diatomologica 27
490	https://id.biodiversity.org.au/reference/aani/20081257	Van Heurck, H.F. (1896), A treatise on the Diatomaceae. Translated by W.E. Baxter
597	https://id.biodiversity.org.au/reference/aani/20079392	Kuntze, O. (1891), Revisio Generum Plantarum. Pars II
603	https://id.biodiversity.org.au/reference/aani/20079388	Kützing, F.T. (1844), Die Kieselschaligen Bacillarien oder Diatomeen
604	https://id.biodiversity.org.au/reference/aani/20079393	Kuntze, O. (1891), Revisio Generum Plantarum. Pars II
649	https://id.biodiversity.org.au/reference/aani/20083318	Cleve, P.T. (1895), Synopsis of the naviculoid diatoms. Part 2. Kongliga Svenska Vetenskapsakademiens Handlingar 27(3)
692	https://id.biodiversity.org.au/reference/aani/20155633	ABRS (2008), Australian Algal Name Index Edn. 2008
736	https://id.biodiversity.org.au/reference/aani/20083582	De Toni, G.B. (1892), Ueber die Bacillarien-Gattung Lysigonium Link. Bulletin de la Société Impériale de Naturalistes de Moscou 6(1)
837	https://id.biodiversity.org.au/reference/aani/20079403	Hustedt, F. (1957), Die Diatomeenflora des Fluss-systems der Weser im Gebiet der Hansestadt Bremen. Abhandlungen der Naturwissenschaftlichen Verein zu Bremen 34(3)
953	https://id.biodiversity.org.au/reference/aani/20238269	ABRS (2023), Australian Algal Name Index Edn. 2023 (Australian algal updates)
1452	https://id.biodiversity.org.au/reference/aani/20078938	Kützing, F.T. (1849), Species Algarum [i]-vi, [1]-922
1482	https://id.biodiversity.org.au/reference/aani/20004682	Kraft, G.T. (2007), Marine Benthic Algae of Lord Howe Island and the Southern Great Barrier Reef, 1. Green Algae
1486	https://id.biodiversity.org.au/reference/aani/20005018	ABRS (2011), Australian Algal Name Index Edn. 2011
1757	https://id.biodiversity.org.au/reference/aani/20082332	Hansgirg, A. (1893), Prodromus der Algenflora von Böhmen. Zweiter Theil welcher die blaugrünen Algae (Myxophyceen, Cyanophyceen), nebst Nachträgen zum ersten Theile und einer systmatischen Bearbeitung der in Böhmen verbreiten saprophytischen Bacterien und Euglenen enhält. Mit den opiz-preise Gekrönte Arbeit auf Kosten des Opizfondes. Archiv für die naturwissenschaftliche Landesdurchforschung von Böhmen 8(4)
1759	https://id.biodiversity.org.au/reference/aani/20085041	Rabenhorst, L. (1863), Kryptogamen-Flora von Sachsen, Ober-Lausitz, Thüringen und Nord-Böhmen, mit Berücksichtigung der benachbarten Länder: erste Abtheilung: Algen im weitesten Sinne, Leber und Laubmoose
1760	https://id.biodiversity.org.au/reference/aani/20078475	De Toni, G.B. (1907), Sylloge Algarum omnium hucusque cognitarum 5
1763	https://id.biodiversity.org.au/reference/aani/20078471	Rabenhorst, L. (1865), Algas phycochromaceas complectens. Flora europaea algarum II
1764	https://id.biodiversity.org.au/reference/aani/20082330	Lagerheim, N.G. (1883), Bidrag till Sveriges algflora. Öfversigt af Kongl. Vetenskaps-Akademiens förhandlingar. Stockholm 40(1/2)
1791	https://id.biodiversity.org.au/reference/aani/20082404	Drouet, F. & Daily, W. (1952), A synopsis of the coccoid Myxophyceae. Butler University Botanical Studies 10
1793	https://id.biodiversity.org.au/reference/aani/20077216	[No reference found in source data]. -
1795	https://id.biodiversity.org.au/reference/aani/20079481	Trevisan, V.B.A. (1848), Saggio di una monografia delle Alghe Coccotalle
1796	https://id.biodiversity.org.au/reference/aani/20078866	Henfrey, A. (1856), Notes on some fresh-water Confervoid algae, new to Britian. Transactions of the Microscopical Society, London ser. 2, 4
1939	https://id.biodiversity.org.au/reference/aani/20154095	McCarthy, P. (Comp.) (2012), Census of Australian Marine Dinoflagellates
1948	https://id.biodiversity.org.au/reference/aani/20225766	Paulsen, O. (1949), Observations on Dinoflagellates. Kongelige Danske Videnskabernes Selskabs, Biologiske Skrifter 6(4)
2020	https://id.biodiversity.org.au/reference/aani/20155395	Wood, E.J.F. (1954), Dinoflagellates of the Australian region. Australian Journal of Marine and Freshwater Research 5
2063	https://id.biodiversity.org.au/reference/aani/20155419	Abé, T.H. (March 1967), The armoured Dinoflagellata: II. Prorocentridae and Dinophysidae (B) - Dinophysis and its allied genera. Seto Marine Biological Laboratory, Publications Edn. 1, 15
2234	https://id.biodiversity.org.au/reference/aani/20155553	Throndsen, J., Hasle, G.R. & Tangen, K. (2003), Norsk Kystplankton Flora
2368	https://id.biodiversity.org.au/reference/aani/20154664	Taylor, F.J.R. (1976), Biblioth. Bot
2613	https://id.biodiversity.org.au/reference/aani/20216407	Gómez, F. (2013), Reinstatement of the dinoflagellate genus Tripos to replace Neoceratium, marine species of Ceratium (Dinophyceae, Alveolata). CICIMAR Oceanides 28(1)
2722	https://id.biodiversity.org.au/reference/aani/20216861	Gómez, F. (2021), Speciation and infrageneric classification in the planktonic dinoflagellate Tripos (Gonyaulacales, Dinophyceae). Current Chinese Science 1(3)
2813	https://id.biodiversity.org.au/reference/aani/20154292	Wood, E.J.F. (1963), Tech. Pap. Div. Fish. Oceanogr. CSIRO 14
2882	https://id.biodiversity.org.au/reference/aani/20155587	Balech, E. in Anderson, D.M., White, A.W. & Baden, D.G. (ed.) (1985), The genus Alexandrium or Gonyaulax of the tamarensis group. Toxic Dinoflagellates
2890	https://id.biodiversity.org.au/reference/aani/20215335	Algal Subcommittee (2020), CHAH Algal Subcommittee
